name;url;country
SkySportsNews[UK];https://topembed.pw/channel/SkySportsNews[UK];UK
SkySportsMainEvent[UK];https://topembed.pw/channel/SkySportsMainEvent[UK];UK
SkySportsArena[UK];https://topembed.pw/channel/SkySportsArena[UK];UK
SkySportsAction[UK];https://topembed.pw/channel/SkySportsAction[UK];UK
SkySportsCricket[UK];https://topembed.pw/channel/SkySportsCricket[UK];UK
SkySportsF1[UK];https://topembed.pw/channel/SkySportsF1[UK];UK
SkySportsFootball[UK];https://topembed.pw/channel/SkySportsFootball[UK];UK
SkySportsGolf[UK];https://topembed.pw/channel/SkySportsGolf[UK];UK
SkySportsPremierLeague[UK];https://topembed.pw/channel/SkySportsPremierLeague[UK];UK
SkySportsMix[UK];https://topembed.pw/channel/SkySportsMix[UK];UK
SkySportsTennis[UK];https://topembed.pw/channel/SkySportsTennis[UK];UK
SkySportsRacing[UK];https://topembed.pw/channel/SkySportsRacing[UK];UK
TNTSports1[UK];https://topembed.pw/channel/TNTSports1[UK];UK
TNTSports2[UK];https://topembed.pw/channel/TNTSports2[UK];UK
BBCScotland[UK];https://topembed.pw/channel/BBCScotland[UK];UK
TNTSports3[UK];https://topembed.pw/channel/TNTSports3[UK];UK
TNTSports4[UK];https://topembed.pw/channel/TNTSports4[UK];UK
PremierSports1[UK];https://topembed.pw/channel/PremierSports1[UK];UK
PremierSports2[UK];https://topembed.pw/channel/PremierSports2[UK];UK
Eurosport1[UK];https://topembed.pw/channel/Eurosport1[UK];UK
Eurosport2[UK];https://topembed.pw/channel/Eurosport2[UK];UK
ITV1[UK];https://topembed.pw/channel/ITV1[UK];UK
ITV2[UK];https://topembed.pw/channel/ITV2[UK];UK
ITV3[UK];https://topembed.pw/channel/ITV3[UK];UK
ITV4[UK];https://topembed.pw/channel/ITV4[UK];UK
BTN[USA];https://topembed.pw/channel/BTN[USA];USA
ArenaSport1[Serbia];https://topembed.pw/channel/ArenaSport1[Serbia];Serbia
ArenaPremium2[Serbia];https://topembed.pw/channel/ArenaPremium2[Serbia];Serbia
CosmoteSport4[Greece];https://topembed.pw/channel/CosmoteSport4[Greece];Greece
CosmoteSport5[Greece];https://topembed.pw/channel/CosmoteSport5[Greece];Greece
CosmoteSport6[Greece];https://topembed.pw/channel/CosmoteSport6[Greece];Greece
CosmoteSport7[Greece];https://topembed.pw/channel/CosmoteSport7[Greece];Greece
CosmoteSport8[Greece];https://topembed.pw/channel/CosmoteSport8[Greece];Greece
CosmoteSport9[Greece];https://topembed.pw/channel/CosmoteSport9[Greece];Greece
Canal11[Portugal];https://topembed.pw/channel/Canal11[Portugal];Portugal
DigiSport1[Romania];https://topembed.pw/channel/DigiSport1[Romania];Romania
DigiSport2[Romania];https://topembed.pw/channel/DigiSport2[Romania];Romania
DigiSport3[Romania];https://topembed.pw/channel/DigiSport3[Romania];Romania
DigiSport4[Romania];https://topembed.pw/channel/DigiSport4[Romania];Romania
ESPN[USA];https://topembed.pw/channel/ESPN[USA];USA
ESPN2[USA];https://topembed.pw/channel/ESPN2[USA];USA
ESPNDeportes[USA];https://topembed.pw/channel/ESPNDeportes[USA];USA
ESPNU[USA];https://topembed.pw/channel/ESPNU[USA];USA
ElevenSports1[Portugal];https://topembed.pw/channel/ElevenSports1[Portugal];Portugal
ElevenSports2[Portugal];https://topembed.pw/channel/ElevenSports2[Portugal];Portugal
ElevenSports3[Portugal];https://topembed.pw/channel/ElevenSports3[Portugal];Portugal
ElevenSports4[Portugal];https://topembed.pw/channel/ElevenSports4[Portugal];Portugal
Eurosport2[Romania];https://topembed.pw/channel/Eurosport2[Romania];Romania
ElevenSports5[Portugal];https://topembed.pw/channel/ElevenSports5[Portugal];Portugal
ElevenSports6[Portugal];https://topembed.pw/channel/ElevenSports6[Portugal];Portugal
Eurosport[Romania];https://topembed.pw/channel/Eurosport[Romania];Romania
FOXSports1[USA];https://topembed.pw/channel/FOXSports1[USA];USA
FOXSports2[USA];https://topembed.pw/channel/FOXSports2[USA];USA
FoxSports506[Australia];https://topembed.pw/channel/FoxSports506[Australia];Australia
GOLFChannel[USA];https://topembed.pw/channel/GOLFChannel[USA];USA
NBATV[USA];https://topembed.pw/channel/NBATV[USA];USA
NFLNetwork[USA];https://topembed.pw/channel/NFLNetwork[USA];USA
NFLRedzone[USA];https://topembed.pw/channel/NFLRedzone[USA];USA
NHLNetwork[USA];https://topembed.pw/channel/NHLNetwork[USA];USA
NovaSports1[Greece];https://topembed.pw/channel/NovaSports1[Greece];Greece
NovaSports2[Greece];https://topembed.pw/channel/NovaSports2[Greece];Greece
NovaSports3[Greece];https://topembed.pw/channel/NovaSports3[Greece];Greece
NovaSports4[Greece];https://topembed.pw/channel/NovaSports4[Greece];Greece
NovaSports5[Greece];https://topembed.pw/channel/NovaSports5[Greece];Greece
NovaSports6[Greece];https://topembed.pw/channel/NovaSports6[Greece];Greece
NovaSportsStart[Greece];https://topembed.pw/channel/NovaSportsStart[Greece];Greece
OrangeSport1[Romania];https://topembed.pw/channel/OrangeSport1[Romania];Romania
OrangeSport2[Romania];https://topembed.pw/channel/OrangeSport2[Romania];Romania
OrangeSport3[Romania];https://topembed.pw/channel/OrangeSport3[Romania];Romania
OrangeSport4[Romania];https://topembed.pw/channel/OrangeSport4[Romania];Romania
PrimaSport1[Romania];https://topembed.pw/channel/PrimaSport1[Romania];Romania
PrimaSport4[Romania];https://topembed.pw/channel/PrimaSport4[Romania];Romania
PrimaSport2[Romania];https://topembed.pw/channel/PrimaSport2[Romania];Romania
PrimaSport3[Romania];https://topembed.pw/channel/PrimaSport3[Romania];Romania
ProArena[Romania];https://topembed.pw/channel/ProArena[Romania];Romania
SECNetwork[USA];https://topembed.pw/channel/SECNetwork[USA];USA
SkyBundesliga[Germany];https://topembed.pw/channel/SkyBundesliga[Germany];Germany
SkyBundesliga1[Germany];https://topembed.pw/channel/SkyBundesliga1[Germany];Germany
SkyBundesliga2[Germany];https://topembed.pw/channel/SkyBundesliga2[Germany];Germany
SkyBundesliga3[Germany];https://topembed.pw/channel/SkyBundesliga3[Germany];Germany
SkyBundesliga4[Germany];https://topembed.pw/channel/SkyBundesliga4[Germany];Germany
SkyBundesliga5[Germany];https://topembed.pw/channel/SkyBundesliga5[Germany];Germany
SkyBundesliga6[Germany];https://topembed.pw/channel/SkyBundesliga6[Germany];Germany
SkyBundesliga7[Germany];https://topembed.pw/channel/SkyBundesliga7[Germany];Germany
SkyBundesliga8[Germany];https://topembed.pw/channel/SkyBundesliga8[Germany];Germany
SkyBundesliga9[Germany];https://topembed.pw/channel/SkyBundesliga9[Germany];Germany
SkySport1[Germany];https://topembed.pw/channel/SkySport1[Germany];Germany
SkySport2[Germany];https://topembed.pw/channel/SkySport2[Germany];Germany
SkySport3[Germany];https://topembed.pw/channel/SkySport3[Germany];Germany
SkySport4[Germany];https://topembed.pw/channel/SkySport4[Germany];Germany
SkySport5[Germany];https://topembed.pw/channel/SkySport5[Germany];Germany
SkySport6[Germany];https://topembed.pw/channel/SkySport6[Germany];Germany
SkySport7[Germany];https://topembed.pw/channel/SkySport7[Germany];Germany
SkySport8[Germany];https://topembed.pw/channel/SkySport8[Germany];Germany
SkySport9[Germany];https://topembed.pw/channel/SkySport9[Germany];Germany
SkySport10[Germany];https://topembed.pw/channel/SkySport10[Germany];Germany
SkySportTennis[Germany];https://topembed.pw/channel/SkySportTennis[Germany];Germany
SkySportTopEvent[Germany];https://topembed.pw/channel/SkySportTopEvent[Germany];Germany
SportTV1[Portugal];https://topembed.pw/channel/SportTV1[Portugal];Portugal
SportTV2[Portugal];https://topembed.pw/channel/SportTV2[Portugal];Portugal
SportTV3[Portugal];https://topembed.pw/channel/SportTV3[Portugal];Portugal
SportTV5[Portugal];https://topembed.pw/channel/SportTV5[Portugal];Portugal
SportTV4[Portugal];https://topembed.pw/channel/SportTV4[Portugal];Portugal
SportTV6[Portugal];https://topembed.pw/channel/SportTV6[Portugal];Portugal
Sportklub[Serbia];https://topembed.pw/channel/Sportklub[Serbia];Serbia
Sportklub1[Serbia];https://topembed.pw/channel/Sportklub1[Serbia];Serbia
Sportklub2[Serbia];https://topembed.pw/channel/Sportklub2[Serbia];Serbia
Sportklub3[Serbia];https://topembed.pw/channel/Sportklub3[Serbia];Serbia
Sportklub4[Serbia];https://topembed.pw/channel/Sportklub4[Serbia];Serbia
SuperSportAction[SouthAfrica];https://topembed.pw/channel/SuperSportAction[SouthAfrica];SouthAfrica
SuperSportCricket[SouthAfrica];https://topembed.pw/channel/SuperSportCricket[SouthAfrica];SouthAfrica
SuperSportFootball[SouthAfrica];https://topembed.pw/channel/SuperSportFootball[SouthAfrica];SouthAfrica
SuperSportGolf[SouthAfrica];https://topembed.pw/channel/SuperSportGolf[SouthAfrica];SouthAfrica
SuperSportGrandstand[SouthAfrica];https://topembed.pw/channel/SuperSportGrandstand[SouthAfrica];SouthAfrica
SuperSportLaLiga[SouthAfrica];https://topembed.pw/channel/SuperSportLaLiga[SouthAfrica];SouthAfrica
SuperSportMotorsport[SouthAfrica];https://topembed.pw/channel/SuperSportMotorsport[SouthAfrica];SouthAfrica
SuperSportPSL[SouthAfrica];https://topembed.pw/channel/SuperSportPSL[SouthAfrica];SouthAfrica
SuperSportPremierLeague[SouthAfrica];https://topembed.pw/channel/SuperSportPremierLeague[SouthAfrica];SouthAfrica
SuperSportRugby[SouthAfrica];https://topembed.pw/channel/SuperSportRugby[SouthAfrica];SouthAfrica
SuperSportTennis[SouthAfrica];https://topembed.pw/channel/SuperSportTennis[SouthAfrica];SouthAfrica
SuperSportVariety1[SouthAfrica];https://topembed.pw/channel/SuperSportVariety1[SouthAfrica];SouthAfrica
SuperSportVariety2[SouthAfrica];https://topembed.pw/channel/SuperSportVariety2[SouthAfrica];SouthAfrica
SuperSportVariety3[SouthAfrica];https://topembed.pw/channel/SuperSportVariety3[SouthAfrica];SouthAfrica
SuperSportVariety4[SouthAfrica];https://topembed.pw/channel/SuperSportVariety4[SouthAfrica];SouthAfrica
TSN1[Canada];https://topembed.pw/channel/TSN1[Canada];Canada
TSN2[Canada];https://topembed.pw/channel/TSN2[Canada];Canada
TSN3[Canada];https://topembed.pw/channel/TSN3[Canada];Canada
TSN4[Canada];https://topembed.pw/channel/TSN4[Canada];Canada
TSN5[Canada];https://topembed.pw/channel/TSN5[Canada];Canada
TennisChannel[USA];https://topembed.pw/channel/TennisChannel[USA];USA
TennisChannelPlus1[USA];https://topembed.pw/channel/TennisChannelPlus1[USA];USA
TennisChannelPlus10[USA];https://topembed.pw/channel/TennisChannelPlus10[USA];USA
TennisChannelPlus11[USA];https://topembed.pw/channel/TennisChannelPlus11[USA];USA
TennisChannelPlus12[USA];https://topembed.pw/channel/TennisChannelPlus12[USA];USA
TennisChannelPlus13[USA];https://topembed.pw/channel/TennisChannelPlus13[USA];USA
TennisChannelPlus14[USA];https://topembed.pw/channel/TennisChannelPlus14[USA];USA
TennisChannelPlus2[USA];https://topembed.pw/channel/TennisChannelPlus2[USA];USA
TennisChannelPlus3[USA];https://topembed.pw/channel/TennisChannelPlus3[USA];USA
TennisChannelPlus4[USA];https://topembed.pw/channel/TennisChannelPlus4[USA];USA
TennisChannelPlus5[USA];https://topembed.pw/channel/TennisChannelPlus5[USA];USA
TennisChannelPlus6[USA];https://topembed.pw/channel/TennisChannelPlus6[USA];USA
TennisChannelPlus7[USA];https://topembed.pw/channel/TennisChannelPlus7[USA];USA
TennisChannelPlus8[USA];https://topembed.pw/channel/TennisChannelPlus8[USA];USA
TennisChannelPlus9[USA];https://topembed.pw/channel/TennisChannelPlus9[USA];USA
USANetwork[USA];https://topembed.pw/channel/USANetwork[USA];USA
DAZN1Deutschland[Germany];https://topembed.pw/channel/DAZN1Deutschland[Germany];Germany
DAZN2Deutschland[Germany];https://topembed.pw/channel/DAZN2Deutschland[Germany];Germany
Antena1[Romania];https://topembed.pw/channel/Antena1[Romania];Romania
YES[USA];https://topembed.pw/channel/YES[USA];USA
SportklubFight[Serbia];https://topembed.pw/channel/SportklubFight[Serbia];Serbia
MLBNetwork[USA];https://topembed.pw/channel/MLBNetwork[USA];USA
BallySportsDetroit[USA];https://topembed.pw/channel/BallySportsDetroit[USA];USA
BallySportsFlorida[USA];https://topembed.pw/channel/BallySportsFlorida[USA];USA
BallySportsSun[USA];https://topembed.pw/channel/BallySportsSun[USA];USA
BallySportsSanDiego[USA];https://topembed.pw/channel/BallySportsSanDiego[USA];USA
BallySportsMidwest[USA];https://topembed.pw/channel/BallySportsMidwest[USA];USA
BallySportsNorth[USA];https://topembed.pw/channel/BallySportsNorth[USA];USA
BallySportsEast[USA];https://topembed.pw/channel/BallySportsEast[USA];USA
BallySportsWest[USA];https://topembed.pw/channel/BallySportsWest[USA];USA
BallySportsOhio[USA];https://topembed.pw/channel/BallySportsOhio[USA];USA
BallySportsOklahoma[USA];https://topembed.pw/channel/BallySportsOklahoma[USA];USA
SportsnetOne[Canada];https://topembed.pw/channel/SportsnetOne[Canada];Canada
SportsnetPacific[Canada];https://topembed.pw/channel/SportsnetPacific[Canada];Canada
SportsnetOntario[Canada];https://topembed.pw/channel/SportsnetOntario[Canada];Canada
SportsnetEast[Canada];https://topembed.pw/channel/SportsnetEast[Canada];Canada
SportsnetWest[Canada];https://topembed.pw/channel/SportsnetWest[Canada];Canada
SportsnetWorld[Canada];https://topembed.pw/channel/SportsnetWorld[Canada];Canada
Sportsnet360[Canada];https://topembed.pw/channel/Sportsnet360[Canada];Canada
AeNetworks[USA];https://topembed.pw/channel/AeNetworks[USA];USA
AbcTv[USA];https://topembed.pw/channel/AbcTv[USA];USA
AMC[USA];https://topembed.pw/channel/AMC[USA];USA
AnimalPlanet[USA];https://topembed.pw/channel/AnimalPlanet[USA];USA
BBCAmerica[USA];https://topembed.pw/channel/BBCAmerica[USA];USA
BET[USA];https://topembed.pw/channel/BET[USA];USA
DisneyChannel[USA];https://topembed.pw/channel/DisneyChannel[USA];USA
FoxNews[USA];https://topembed.pw/channel/FoxNews[USA];USA
CBSSN[USA];https://topembed.pw/channel/CBSSN[USA];USA
BravoTV[USA];https://topembed.pw/channel/BravoTV[USA];USA
CNN[USA];https://topembed.pw/channel/CNN[USA];USA
InvestigationDiscovery[USA];https://topembed.pw/channel/InvestigationDiscovery[USA];USA
Lifetime[USA];https://topembed.pw/channel/Lifetime[USA];USA
History[USA];https://topembed.pw/channel/History[USA];USA
EEntertainement[USA];https://topembed.pw/channel/EEntertainement[USA];USA
DisneyJR[USA];https://topembed.pw/channel/DisneyJR[USA];USA
ComedyCentral[USA];https://topembed.pw/channel/ComedyCentral[USA];USA
DestinationAmerica[USA];https://topembed.pw/channel/DestinationAmerica[USA];USA
DiscoveryChannel[USA];https://topembed.pw/channel/DiscoveryChannel[USA];USA
Boomerang[USA];https://topembed.pw/channel/Boomerang[USA];USA
FoodNetwork[USA];https://topembed.pw/channel/FoodNetwork[USA];USA
Freeform[USA];https://topembed.pw/channel/Freeform[USA];USA
CNBC[USA];https://topembed.pw/channel/CNBC[USA];USA
CW[USA];https://topembed.pw/channel/CW[USA];USA
HLN[USA];https://topembed.pw/channel/HLN[USA];USA
LifetimeMoviesNetwork[USA];https://topembed.pw/channel/LifetimeMoviesNetwork[USA];USA
ESPNNews[USA];https://topembed.pw/channel/ESPNNews[USA];USA
Fox[USA];https://topembed.pw/channel/Fox[USA];USA
Cinemax[USA];https://topembed.pw/channel/Cinemax[USA];USA
MSNBC[USA];https://topembed.pw/channel/MSNBC[USA];USA
NationalGeographic[USA];https://topembed.pw/channel/NationalGeographic[USA];USA
Syfy[USA];https://topembed.pw/channel/Syfy[USA];USA
Wnyw[USA];https://topembed.pw/channel/Wnyw[USA];USA
CBS[USA];https://topembed.pw/channel/CBS[USA];USA
Univision[USA];https://topembed.pw/channel/Univision[USA];USA
TvLand[USA];https://topembed.pw/channel/TvLand[USA];USA
TLC[USA];https://topembed.pw/channel/TLC[USA];USA
HGTV[USA];https://topembed.pw/channel/HGTV[USA];USA
NBC[USA];https://topembed.pw/channel/NBC[USA];USA
HBO[USA];https://topembed.pw/channel/HBO[USA];USA
Showtime[USA];https://topembed.pw/channel/Showtime[USA];USA
Nicktoons[USA];https://topembed.pw/channel/Nicktoons[USA];USA
ABCNews[USA];https://topembed.pw/channel/ABCNews[USA];USA
NickelodeonTV[USA];https://topembed.pw/channel/NickelodeonTV[USA];USA
HallmarkMoviesMysteriesTV[USA];https://topembed.pw/channel/HallmarkMoviesMysteriesTV[USA];USA
Hallmark[USA];https://topembed.pw/channel/Hallmark[USA];USA
ProTV[Romania];https://topembed.pw/channel/ProTV[Romania];Romania
NBCSportsBayArea[USA];https://topembed.pw/channel/NBCSportsBayArea[USA];USA
YesSport1[Israel];https://topembed.pw/channel/YesSport1[Israel];Israel
YesSport2[Israel];https://topembed.pw/channel/YesSport2[Israel];Israel
YesSport3[Israel];https://topembed.pw/channel/YesSport3[Israel];Israel
YesSport4[Israel];https://topembed.pw/channel/YesSport4[Israel];Israel
YesSport5[Israel];https://topembed.pw/channel/YesSport5[Israel];Israel
BBCOne[UK];https://topembed.pw/channel/BBCOne[UK];UK
BBCTwo[UK];https://topembed.pw/channel/BBCTwo[UK];UK
BBCThree[UK];https://topembed.pw/channel/BBCThree[UK];UK
BBCFour[UK];https://topembed.pw/channel/BBCFour[UK];UK
Fox501[Australia];https://topembed.pw/channel/Fox501[Australia];Australia
Fox502[Australia];https://topembed.pw/channel/Fox502[Australia];Australia
Fox503[Australia];https://topembed.pw/channel/Fox503[Australia];Australia
Fox504[Australia];https://topembed.pw/channel/Fox504[Australia];Australia
Fox505[Australia];https://topembed.pw/channel/Fox505[Australia];Australia
Fox506[Australia];https://topembed.pw/channel/Fox506[Australia];Australia
Fox507[Australia];https://topembed.pw/channel/Fox507[Australia];Australia
BallySportsSanDiego[USA];https://topembed.pw/channel/BallySportsSanDiego[USA];USA
ServusTV[Germany];https://topembed.pw/channel/ServusTV[Germany];Germany
TBS[USA];https://topembed.pw/channel/TBS[USA];USA
MovistarDeportes[Spain];https://topembed.pw/channel/MovistarDeportes[Spain];Spain
EllasVamos[Spain];https://topembed.pw/channel/EllasVamos[Spain];Spain
DAZN1[Spain];https://topembed.pw/channel/DAZN1[Spain];Spain
DAZN2[Spain];https://topembed.pw/channel/DAZN2[Spain];Spain
TYCSports[Argentina];https://topembed.pw/channel/TYCSports[Argentina];Argentina
Caracol[Colombia];https://topembed.pw/channel/Caracol[Colombia];Colombia
WINSports[Colombia];https://topembed.pw/channel/WINSports[Colombia];Colombia
Ecuavisa[Ecuador];https://topembed.pw/channel/Ecuavisa[Ecuador];Ecuador
ESPN[Argentina];https://topembed.pw/channel/ESPN[Argentina];Argentina
ESPN2[Argentina];https://topembed.pw/channel/ESPN2[Argentina];Argentina
ESPN3[Argentina];https://topembed.pw/channel/ESPN3[Argentina];Argentina
ESPNPremium[Argentina];https://topembed.pw/channel/ESPNPremium[Argentina];Argentina
DirecTV[Ecuador];https://topembed.pw/channel/DirecTV[Ecuador];Ecuador
GolTV[Ecuador];https://topembed.pw/channel/GolTV[Ecuador];Ecuador
AxsTv[USA];https://topembed.pw/channel/AxsTv[USA];USA
GOL[Peru];https://topembed.pw/channel/GOL[Peru];Peru
TNT[USA];https://topembed.pw/channel/TNT[USA];USA
TUDN[Mexico];https://topembed.pw/channel/TUDN[Mexico];Mexico
WillowXtra[USA];https://topembed.pw/channel/WillowXtra[USA];USA
ESPNDeportes[Mexico];https://topembed.pw/channel/ESPNDeportes[Mexico];Mexico
Premiere1[Brasil];https://topembed.pw/channel/Premiere1[Brasil];Brasil
Premiere2[Brasil];https://topembed.pw/channel/Premiere2[Brasil];Brasil
Premiere3[Brasil];https://topembed.pw/channel/Premiere3[Brasil];Brasil
Eurosport1[Italy];https://topembed.pw/channel/Eurosport1[Italy];Italy
Eurosport2[Italy];https://topembed.pw/channel/Eurosport2[Italy];Italy
CartoonNetwork[Italy];https://topembed.pw/channel/CartoonNetwork[Italy];Italy
CartoonNetworkItaly[Italy];https://topembed.pw/channel/CartoonNetworkItaly[Italy];Italy
Boomerang[Italy];https://topembed.pw/channel/Boomerang[Italy];Italy
History[Italy];https://topembed.pw/channel/History[Italy];Italy
WweNetwork[USA];https://topembed.pw/channel/WweNetwork[USA];USA
TUDN[USA];https://topembed.pw/channel/TUDN[USA];USA
NBCOlympics1[USA];https://topembed.pw/channel/NBCOlympics1[USA];USA
NBCOlympics2[USA];https://topembed.pw/channel/NBCOlympics2[USA];USA
Eurosport2[Spain];https://topembed.pw/channel/Eurosport2[Spain];Spain
Eurosport2[Germany];https://topembed.pw/channel/Eurosport2[Germany];Germany
Eurosport1[Germany];https://topembed.pw/channel/Eurosport1[Germany];Germany
ESPN[Argentina];https://topembed.pw/channel/ESPN[Argentina];Argentina
WapaTv[USA];https://topembed.pw/channel/WapaTv[USA];USA
DirecTVSports[Argentina];https://topembed.pw/channel/DirecTVSports[Argentina];Argentina
DirecTVSports2[Argentina];https://topembed.pw/channel/DirecTVSports2[Argentina];Argentina
FOXSports2[Argentina];https://topembed.pw/channel/FOXSports2[Argentina];Argentina
RTSHSport[Albania];https://topembed.pw/channel/RTSHSport[Albania];Albania
FOXSports1[Argentina];https://topembed.pw/channel/FOXSports1[Argentina];Argentina
RTSH1[Albania];https://topembed.pw/channel/RTSH1[Albania];Albania
RTSH2[Albania];https://topembed.pw/channel/RTSH2[Albania];Albania
SkySport1[NewZealand];https://topembed.pw/channel/SkySport1[NewZealand];NewZealand
SkySport2[NewZealand];https://topembed.pw/channel/SkySport2[NewZealand];NewZealand
SkySport3[NewZealand];https://topembed.pw/channel/SkySport3[NewZealand];NewZealand
SkySport4[NewZealand];https://topembed.pw/channel/SkySport4[NewZealand];NewZealand
SkySport5[NewZealand];https://topembed.pw/channel/SkySport5[NewZealand];NewZealand
SkySport6[NewZealand];https://topembed.pw/channel/SkySport6[NewZealand];NewZealand
SkySport7[NewZealand];https://topembed.pw/channel/SkySport7[NewZealand];NewZealand
SkySport8[NewZealand];https://topembed.pw/channel/SkySport8[NewZealand];NewZealand
SkySport9[NewZealand];https://topembed.pw/channel/SkySport9[NewZealand];NewZealand
CBSSportsNetwork[USA];https://topembed.pw/channel/CBSSportsNetwork[USA];USA
FOXSports2[Mexico];https://topembed.pw/channel/FOXSports2[Mexico];Mexico
FOXSports1[Mexico];https://topembed.pw/channel/FOXSports1[Mexico];Mexico
FOXSports3[Mexico];https://topembed.pw/channel/FOXSports3[Mexico];Mexico
LaLigaTV[UK];https://topembed.pw/channel/LaLigaTV[UK];UK
BeINSport1[France];https://topembed.pw/channel/BeINSport1[France];France
BeINSport2[France];https://topembed.pw/channel/BeINSport2[France];France
BeINSport3[France];https://topembed.pw/channel/BeINSport3[France];France
BeINSport4[France];https://topembed.pw/channel/BeINSport4[France];France
DAZN1UK[UK];https://topembed.pw/channel/DAZN1UK[UK];UK
PrimaTV[Romania];https://topembed.pw/channel/PrimaTV[Romania];Romania
BBCScotland[UK];https://topembed.pw/channel/BBCScotland[UK];UK
FoxSoccerPlus[USA];https://topembed.pw/channel/FoxSoccerPlus[USA];USA
RallyTV[UK];https://topembed.pw/channel/RallyTV[UK];UK
NBCSPhiladelphia[USA];https://topembed.pw/channel/NBCSPhiladelphia[USA];USA
CBSNY[USA];https://topembed.pw/channel/CBSNY[USA];USA
SkySportSelect[NewZealand];https://topembed.pw/channel/SkySportSelect[NewZealand];NewZealand
RacingTV[UK];https://topembed.pw/channel/RacingTV[UK];UK
RTEOne[Ireland];https://topembed.pw/channel/RTEOne[Ireland];Ireland
RTETwo[Ireland];https://topembed.pw/channel/RTETwo[Ireland];Ireland
NBCSCalifornia[USA];https://topembed.pw/channel/NBCSCalifornia[USA];USA
NBCSBoston[USA];https://topembed.pw/channel/NBCSBoston[USA];USA
BeinSports1[Arab];https://topembed.pw/channel/BeinSports1[Arab];Arab
BeinSports2[Arab];https://topembed.pw/channel/BeinSports2[Arab];Arab
KHLPrime[Russia];https://topembed.pw/channel/KHLPrime[Russia];Russia
KHLTV[Russia];https://topembed.pw/channel/KHLTV[Russia];Russia
OptusSport1[Australia];https://topembed.pw/channel/OptusSport1[Australia];Australia
OptusSport2[Australia];https://topembed.pw/channel/OptusSport2[Australia];Australia
OptusSport3[Australia];https://topembed.pw/channel/OptusSport3[Australia];Australia
OptusSport4[Australia];https://topembed.pw/channel/OptusSport4[Australia];Australia
OptusSport5[Australia];https://topembed.pw/channel/OptusSport5[Australia];Australia
OptusSport6[Australia];https://topembed.pw/channel/OptusSport6[Australia];Australia
AstroCricket[Malaysia];https://topembed.pw/channel/AstroCricket[Malaysia];Malaysia
PeacockEPLTV[USA];https://topembed.pw/channel/PeacockEPLTV[USA];USA
PeacockEPL1[USA];https://topembed.pw/channel/PeacockEPL1[USA];USA
PeacockEPL2[USA];https://topembed.pw/channel/PeacockEPL2[USA];USA
PeacockEPL3[USA];https://topembed.pw/channel/PeacockEPL3[USA];USA
PeacockEPL4[USA];https://topembed.pw/channel/PeacockEPL4[USA];USA
PeacockEPL5[USA];https://topembed.pw/channel/PeacockEPL5[USA];USA
BBCNEWS24[UK];https://topembed.pw/channel/BBCNEWS24[UK];UK
RMCSport1[France];https://topembed.pw/channel/RMCSport1[France];France
Premiersport1[Ireland];https://topembed.pw/channel/Premiersport1[Ireland];Ireland
Combate[Brazil];https://topembed.pw/channel/Combate[Brazil];Brazil
ESPN1[Netherlands];https://topembed.pw/channel/ESPN1[Netherlands];Netherlands
ESPN2[Netherlands];https://topembed.pw/channel/ESPN2[Netherlands];Netherlands
ESPN3[Netherlands];https://topembed.pw/channel/ESPN3[Netherlands];Netherlands
Blaze[UK];https://topembed.pw/channel/Blaze[UK];UK
SupersportNews[SouthAfrica];https://topembed.pw/channel/SupersportNews[SouthAfrica];SouthAfrica
UFCFightPass[UK];https://topembed.pw/channel/UFCFightPass[UK];UK
FloRacing[USA];https://topembed.pw/channel/FloRacing[USA];USA
ArenaSport4[Serbia];https://topembed.pw/channel/ArenaSport4[Serbia];Serbia
ACCNetwork[USA];https://topembed.pw/channel/ACCNetwork[USA];USA
ArenaSport3[Serbia];https://topembed.pw/channel/ArenaSport3[Serbia];Serbia
ArenaSport8[Serbia];https://topembed.pw/channel/ArenaSport8[Serbia];Serbia
ArenaPremium1[Serbia];https://topembed.pw/channel/ArenaPremium1[Serbia];Serbia
CosmoteSport1[Greece];https://topembed.pw/channel/CosmoteSport1[Greece];Greece
CosmoteSport2[Greece];https://topembed.pw/channel/CosmoteSport2[Greece];Greece
CosmoteSport3[Greece];https://topembed.pw/channel/CosmoteSport3[Greece];Greece
ArenaSport2[Serbia];https://topembed.pw/channel/ArenaSport2[Serbia];Serbia
ArenaSport5[Serbia];https://topembed.pw/channel/ArenaSport5[Serbia];Serbia
ArenaPremium3[Serbia];https://topembed.pw/channel/ArenaPremium3[Serbia];Serbia
BeinSportsMena1[UK];https://topembed.pw/channel/BeinSportsMena1[UK];UK
VTM2[Belgium];https://topembed.pw/channel/VTM2[Belgium];Belgium
CanalSport[France];https://topembed.pw/channel/CanalSport[France];France
BeinSports3[France];https://topembed.pw/channel/BeinSports3[France];France
Film4[UK];https://topembed.pw/channel/Film4[UK];UK
NFL09[US];https://topembed.pw/channel/NFL09[US];USA
MAVTV[USA];https://topembed.pw/channel/MAVTV[USA];USA
SportsnetOntario[Canada];https://topembed.pw/channel/SportsnetOntario[Canada];Canada
CNNnews[USA];https://topembed.pw/channel/CNNnews[USA];USA
DiemaSport2[Bulgaria];https://topembed.pw/channel/DiemaSport2[Bulgaria];Bulgaria
SupersportsBlitz[SouthAfrica];https://topembed.pw/channel/SupersportsBlitz[SouthAfrica];SouthAfrica
WillowTV[USA];https://topembed.pw/channel/WillowTV[USA];USA
BeINSport4max[France];https://topembed.pw/channel/BeINSport4max[France];France
WillovTV[USA];https://topembed.pw/channel/WillovTV[USA];USA
TV3[Denmark];https://topembed.pw/channel/TV3[Denmark];Denmark
PDCTV[USA];https://topembed.pw/channel/PDCTV[USA];USA
SkyDiscoveryHD[UK];https://topembed.pw/channel/SkyDiscoveryHD[UK];UK
FoxSports1Backup[USA];https://topembed.pw/channel/FoxSports1Backup[USA];USA
SkySportsCricket[UK];https://topembed.pw/channel/SkySportsCricket[UK];UK
ViaplaySports1[UK];https://topembed.pw/channel/ViaplaySports1[UK];UK
ViaplaySports2[UK];https://topembed.pw/channel/ViaplaySports2[UK];UK
OutdoorChannel[USA];https://topembed.pw/channel/OutdoorChannel[USA];USA
MASN[USA];https://topembed.pw/channel/MASN[USA];USA
FXX[USA];https://topembed.pw/channel/FXX[USA];USA
PATV[Pakistan];https://topembed.pw/channel/PATV[Pakistan];Pakistan
WillowXtra2[USA];https://topembed.pw/channel/WillowXtra2[USA];USA
StarSports1[India];https://topembed.pw/channel/StarSports1[India];India
StarSports2[India];https://topembed.pw/channel/StarSports2[India];India
NBATV[Portugal];https://topembed.pw/channel/NBATV[Portugal];Portugal
DiemaSport[Bulgaria];https://topembed.pw/channel/DiemaSport[Bulgaria];Bulgaria


